Promotion_Group,Number_of_Children
0-25,1.1014832162373145
25-50,1.0581210191082802
50-75,1.025844930417495
75-100,1.0
100-125,1.0
